Position (mm),Force (N)
-0.022875,31.5
0.000809524,10.62
0.006869048,78.74
0.021553571,93.36
-0.008011905,137.98
-0.009827381,77.6
-0.003392857,183.72
0.015416667,176.34
0.03160119,177.96
-0.009214286,257.08
-0.002779762,210.2
-0.029720238,311.32
0.013089286,311.44
-0.01272619,337.06
-0.022791667,370.18
0.029392857,343.8
-0.024547619,381.42
-0.003863095,391.54
0.032571429,432.66
0.024005952,489.78
-0.016434524,520.9
-0.03625,490.52
0.012934524,567.14
0.002494048,549.26
-0.034571429,556.38
-0.001136905,638
-0.022452381,667.12
0.033857143,640.24
-0.006583333,707.86
0.03397619,728.48
0.032535714,728.1
0.023595238,827.22
0.019154762,830.34
0.021839286,800.46
-0.00360119,818.08
-0.026041667,881.2
-0.003482143,929.32
-0.022172619,965.94
-0.018363095,946.56
0.037571429,993.18
0.015880952,1008.3
-0.017809524,995.92
-0.02375,1038.54
0.022434524,1056.66
0.014619048,1104.78
-0.017946429,1117.9
0.003488095,1114.52
0.012172619,1180.64
-0.024892857,1159.26
-0.005333333,1270.88
-0.02439881,1293
-0.013839286,1250.62
0.031970238,1345.24
-0.011845238,1282.86
-0.007285714,1397.48
0.01902381,1340.1
-0.026291667,1437.22
-0.009982143,1915.86
-0.021922619,2024.98
-0.019238095,2051.6
0.030321429,2058.72
0.012380952,2076.34
-0.022434524,2037.96
-0.01975,2060.08
0.009184524,2092.7
0.040369048,2184.82
-0.021821428,2228.44
-0.000761905,2218.56
-0.027327381,2190.68
0.012482143,2256.3
-0.025708333,2247.42
0.033976191,2360.54
0.012285714,2296.16
0.016095238,2368.28
0.016904762,2336.9
-0.023910714,2384.52
0.03802381,2471.64
-0.012166666,2494.76
0.041892857,2484.88
-0.019547619,2496.5
-0.007113095,2580.12
-0.010053571,2520.24
0.020755953,2538.86
-0.027934523,2583.48
0.028,2640.6
-0.017315476,2683.72
-0.027005952,2662.34
-0.019446428,2682.96
-0.007386904,2748.08
0.01029762,2730.2
-0.004642857,2794.82
-0.001208333,2768.94
-0.021023809,2807.56
-0.025089285,2869.18
0.028595239,2922.8
0.011404763,2907.42
0.028714287,2977.54
-0.01360119,2966.16
0.029583334,2950.28
0.044267858,2983.9
0.021077382,2997.02
-0.004738094,3043.64
-0.00130357,3045.76
-0.018869046,3130.88
0.004065478,3159
-0.017624999,3118.12
0.039059525,3148.24
0.036119049,3201.36
-0.000946427,3269.48
0.020488097,3235.6
-0.003077379,3290.72
-0.028142855,3334.34
0.024416669,3348.96
0.008351193,3391.58
-0.012214283,3426.2
0.028720241,3448.82
-0.017345235,3481.44
-0.014285711,3417.56
0.009773813,3513.68
-0.007791663,3530.3
0.015892861,3519.92
0.031327385,3590.04
0.034386909,3599.66
-0.021803567,3609.28
0.016880957,3646.4
0.033440481,3619.52
0.029375005,3683.64
0.028684529,3711.26
0.018619053,3708.88
-0.002321423,3725.5
0.015738101,3778.12
-0.028452374,3806.74
0.02260715,3847.36
-0.024958326,3832.98
-0.011773802,3943.6
0.021660722,3941.72
0.004470247,3945.84
0.003029771,3935.96
0.020714295,3960.58
-0.020101181,4021.2
-0.024166656,4076.82
-0.006857132,4094.94
-0.025922608,4093.56
0.036761917,4159.68
0.027446441,4094.8
0.006130966,4138.42
-0.00993451,4182.54
0.014875015,4267.66
0.030309539,4279.28
-0.002630936,4303.9
-0.026196412,4333.02
-0.006261887,4331.14
-0.006952363,4388.26
-0.020767838,4333.88
0.001041687,4370.5
-0.009023788,4382.12
0.000410736,4438.74
-0.019029739,4508.36
0.022654786,4512.98
0.021214311,4486.6
0.038148836,4554.22
-0.025541639,4620.84
0.015767886,4575.96
-0.025422589,4637.58
0.032386936,4608.2
0.029821462,4647.32
-0.025244013,4665.44
0.048690512,4722.56
-0.016124963,4701.68
-0.003690437,4767.3
0.042494088,4763.92
0.006553614,4827.04
0.005863139,4818.66
0.035547665,4907.28
-0.002642809,4932.9
-0.007458283,4901.02
-0.001023757,4995.64
-0.010714231,4983.26
-0.005779705,5025.38
0.003279821,5051
0.041214347,5074.62
-0.016476127,5029.24
0.0293334,5077.36
0.000517926,5106.98
0.010702453,5168.6
0.020886979,5180.72
-0.001553494,5175.34
0.045756033,5222.96
0.04694056,5238.58
0.011375087,5269.7
0.000559614,5286.32
0.014119141,5340.94
-0.004946331,5324.06
-0.018011804,5394.18
0.023672724,5400.3
0.016607252,5472.42
0.05041678,5422.54
-0.012898692,5498.66
-0.013964164,5492.78
0.011970364,5551.9
0.032279893,5532.52
-0.016035579,5569.64
-0.01747605,5614.26
0.017458479,5619.38
0.030268008,5691.5
0.030702537,5712.12
-0.004862933,5722.74
-0.003303404,5697.86
-0.003993874,5778.98
0.027940656,5758.6
0.000625186,5752.72
0.010059717,5877.84
-0.004130753,5851.96
0.020303778,5848.58
-0.005511691,5859.2
0.03767284,5946.32
0.040732372,5958.44
-0.001958097,5998.56
-0.023273565,6035.68
0.040160967,6042.8
0.0432205,6070.92
0.034655032,6117.54
-0.017035435,6149.16
-0.013600902,6091.78
0.022083632,6151.9
0.023268165,6206.52
0.041702699,6249.14
-0.007737766,6201.76
0.046696768,6232.88
0.045631303,6271.5
0.016440838,6345.62
0.022875374,6332.24
-0.00931509,6375.86
-0.017130554,6421.98
-0.003196018,6397.1
0.020863519,6406.72
0.052048057,6427.34
0.032232594,6527.46
-0.017957868,6502.58
0.038726671,6517.7
0.002786209,6537.32
0.021595749,6556.94
0.016405288,6630.56
0.002964828,6619.18
0.041649369,6653.8
0.04433391,6663.92
-0.003606549,6686.54
0.030952993,6757.16
-0.000112465,6764.78
0.038947078,6818.4
0.025881621,6768.02
0.012066165,6849.14
-0.009249291,6851.26
0.006935254,6832.88
0.0246198,6910
0.023554346,6942.12
-0.019511108,6995.74
-0.001451561,6969.86
0.034982987,7053.48
0.052667535,6986.1
0.052352084,7056.22
0.010036634,7057.34
0.004846184,7147.46
-0.017219265,7111.08
0.049965286,7204.7
-0.017850161,7202.32
-0.020040608,7249.44
-0.016606055,7271.56
0.0284535,7294.18
-0.005236945,7242.8
0.043197611,7327.92
0.050007167,7287.54
0.004691725,7343.66
0.002501283,7422.28
0.025435842,7409.4
0.037870402,7430.52
0.018054963,7418.64
-0.017135475,7470.26
0.002799088,7550.38
-0.004266349,7488.5
-0.016581784,7553.12
0.050977781,7579.24
0.046162348,7600.86
0.004971915,7627.98
0.018531483,7656.1
0.035091053,7718.22
-0.018474377,7754.84
0.008585195,7781.46
-0.003730232,7741.58
0.009454342,7781.7
0.022638917,7833.82
0.008073493,7822.44
0.00025807,7891.56
0.011567649,7925.68
0.053627228,7915.8
0.046561809,7966.42
0.049996392,7953.04
0.032055975,7960.16
0.03024056,7991.78
0.016800147,8063.9
0.022109734,8072.02
-0.004455677,8058.64
0.002728914,8160.26
0.012538506,8166.38
0.0553481,8133.5
-9.23055E-05,8207.62
0.031467291,8172.24
0.052901889,8255.86
0.052961489,8294.98
0.03314609,8270.1
0.002455693,8317.22
0.039265298,8306.34
-0.004175095,8371.96
0.016884513,8383.08
0.025944123,8451.2
-0.012621266,8425.32
0.030563348,8456.94
0.029122964,8482.56
0.057307581,8540.18
-0.003757799,8531.8
0.023301822,8564.42
0.004236445,8548.54
0.039171071,8592.66
0.026105698,8656.28
0.018665328,8653.9
0.05209996,8668.52
-0.005590406,8720.64
0.001219231,8719.26
0.057153869,8800.88
0.01783851,8807
0.056523153,8830.12
0.026957799,8825.24
0.006767447,8883.86
-0.010797902,8868.48
0.049636751,8959.6
0.026821407,8987.22
0.008506065,9012.34
-5.92735E-05,9001.46
0.05400039,9067.58
0.028185057,9073.2
0.001244726,9066.32
0.037679398,9085.94
0.027614073,9081.56
0.016048751,9107.18
0.027358433,9171.3
0.046543117,9233.42
0.055602804,9225.54
0.041787494,9263.16
-0.012902812,9244.78
0.011156884,9289.9
0.022841584,9325.52
-0.014598712,9298.14
0.049210995,9352.76
0.029770705,9369.38
0.019705419,9419.5
0.043390136,9395.62
0.032574857,9468.24
0.007884582,9476.86
0.02856931,9507.98
0.007254043,9588.1
0.040688779,9538.72
0.029498519,9554.34
-0.007941737,9571.46
0.048368011,9647.58
0.015802764,9696.2
0.00986252,9729.32
0.016297281,9686.94
0.053482046,9774.56
0.047166815,9731.18
0.018726589,9807.3
0.050286368,9795.42
0.012471151,9874.04
0.033530939,9837.66
-0.007284269,9901.28
-0.007974472,9930.4
0.051710331,9973.02
-0.010854862,10018.14
0.05032995,10009.26
0.050389767,10043.38
-0.00842541,10085
0.015259418,10114.62
-0.009430749,10093.24
0.033379089,10149.36
0.010938933,10101.48
0.022998783,10152.6
0.023808638,10247.22
0.025743499,10174.84
0.028803366,10263.96
0.057363239,10256.08
0.032298118,10336.7
0.001983003,10275.82
0.053042895,10302.44
0.019352792,10331.06
0.038537696,10394.68
0.005222607,10406.3
-0.010467476,10436.42
0.031217447,10501.54
0.050777378,10502.16
0.012212315,10523.78
0.048272259,10573.9
0.026957211,10589.52
0.012017169,10573.64
0.003827135,10608.76
-0.010737892,10603.88
0.003572089,10641.5
0.026132077,10738.12
0.054692073,10706.24
0.012377077,10792.36
0.009062088,10798.98
0.037247108,10777.6
0.041432136,10815.22
-0.008007828,10814.34
0.013052216,10837.46
-0.008262731,10893.58
0.047297331,10932.7
0.033482401,11000.82
0.01854248,10927.44
0.010727568,10959.56
0.012662665,11055.18
-0.005652229,11040.8
0.015407887,11116.42
0.016218012,11072.54
0.056778147,11176.16
0.002838292,11172.28
0.062898446,11217.9
0.04383361,11226.02
0.064143785,11200.14
0.016578969,11273.26
0.056389165,11307.38
0.00844937,11278.5
0.044884587,11320.62
0.053569814,11356.24
0.025505052,11408.86
0.029315301,11386.98
0.056000562,11453.1
0.005810834,11503.72
-0.006128882,11516.84
0.006306413,11498.96
0.00636672,11575.58
0.00230204,11518.7
0.034237371,11588.82
0.047047715,11630.94
-0.008766929,11608.06
0.01454344,11658.68
0.014603822,11673.3
0.060414217,11707.42
0.006474625,11761.04
0.018160046,11709.66
0.007720481,11807.78
0.01453093,11852.9
0.064841392,11786.52
0.045026869,11847.64
0.06121236,11837.26
0.047022865,11921.38
0.064333385,11935.5
0.044893919,11963.62
0.014204469,11953.24
0.057765034,12025.36
0.042825614,12009.48
0.056386209,12088.1
0.033196821,12094.22
0.065882448,12058.84
0.013818092,12131.46
0.053628752,12157.58
0.024814428,12171.7
0.023750121,12172.32
0.061685831,12280.94
0.032496558,12255.56
0.039307303,12247.68
0.047243065,12301.3
-0.002946155,12345.92
0.064614644,12396.54
0.00617546,12354.66
0.047486295,12370.28
0.029547148,12429.4
0.039733021,12419.52
0.030043913,12487.64
0.056354824,12466.76
0.012165754,12582.38
0.063226705,12549
0.029537676,12624.12
0.019473667,12613.24
-0.000340322,12642.86
0.039095711,12637.48
0.024906765,12734.1
0.06059284,12737.72
0.059528936,12694.84
0.064840055,12746.96
0.012401195,12757.58
0.005337358,12794.2
0.061273544,12852.32
0.051209752,12817.44
0.014895984,12935.06
0.062582239,12862.18
0.026643518,12902.8
0.042079821,12984.42
0.065391148,12954.54
0.0204525,13020.16
0.004763877,13050.28
0.041950279,13016.4
0.063761706,13047.02
0.044323159,13080.14
0.035009638,13126.76
0.011071144,13187.88
-0.000117324,13172
0.046819235,13233.62
-0.000744179,13203.24
0.042442435,13285.86
0.028254077,13289.48
0.028690747,13302.1
0.023502445,13368.22
0.013439173,13413.84
0.043125929,13435.96
0.022937716,13394.58
0.006874532,13418.2
0.045186378,13424.32
-0.002751746,13532.94
0.015310162,13527.56
0.010122101,13509.68
0.022934071,13572.8
0.028246073,13628.92
0.037308108,13576.04
0.068870175,13591.66
-0.001567725,13620.78
0.023619409,13706.9
-0.000318424,13683.52
0.010993777,13738.14
0.066931013,13732.26
0.007368284,13822.38
0.06105559,13812.5
0.062992932,13859.12
0.064555309,13881.24
0.020367723,13912.36
0.019305174,13910.98
0.069992662,13897.6
0.006305188,13939.22
0.056242752,13956.34
0.033805354,13981.46
0.070992995,13996.08
0.029055675,14068.7
0.049743395,14053.32
0.004806156,14140.94
0.016493956,14188.06
0.029306798,14153.68
0.069119681,14226.8
0.055307606,14228.92
0.056120574,14216.04
0.020183584,14292.66
0.001496637,14263.28
0.049184734,14327.4
0.018122875,14339.52
0.031311061,14377.14
0.041499292,14402.76
0.015312569,14447.88
0.042375891,14469.5
0.02443926,14466.62
0.035002677,14507.24
0.05831614,14554.36
0.026129652,14494.98
0.011943212,14617.6
0.005256821,14631.72
0.03757048,14605.34
0.023384188,14610.96
0.028697947,14671.08
0.024636758,14717.2
0.05057562,14713.32
0.072764534,14730.94
0.0038285,14773.56
0.00839252,14788.18
0.031331594,14858.3
0.028020722,14804.92
0.033334905,14831.04
0.056274143,14943.16
0.052588437,14918.78
0.065027788,14991.9
0.030592196,15017.02
0.046406661,14988.14
0.010471185,14990.26
0.048035768,15004.38
0.04660041,15059
0.010665112,15141.62
0.059854875,15121.24
0.0704197,15139.86
0.007859586,15160.48
0.056299534,15237.1
0.037239546,15196.22
0.060929621,15228.84
0.027994761,15274.96
0.022059966,15339.08
0.025500237,15298.2
0.027815574,15338.32
0.034630978,15357.94
0.067696449,15376.56
0.040386989,15386.18
0.005202598,15492.8
0.047643276,15446.42
0.054459025,15510.04
0.013274845,15478.16
0.047465737,15597.28
0.008906701,15568.9
0.000722738,15584.02
0.015413849,15650.64
0.033105034,15680.76
0.063171295,15629.88
0.052737632,15739
0.026929045,15757.62
0.021745536,15790.24
0.037562106,15764.36
0.034253754,15775.48
0.027195482,15840.1
0.01376229,15900.72
0.05582918,15866.84
0.002271151,15920.96
0.029338206,15960.08
0.062030344,15934.2
0.050097566,15934.32
0.052414874,16039.94
0.003732268,15990.56
0.032674749,16044.68
0.042867317,16046.8
0.063184973,16114.92
0.058752719,16149.04
0.059570555,16183.66
0.032263483,16127.78
0.005331501,16157.9
0.015899613,16213.52
0.033592818,16270.14
0.017911118,16272.26
0.062604513,16296.88
0.065673004,16329
0.045491592,16334.62
0.024560278,16353.74
0.011129064,16442.36
0.051697948,16419.48
0.029266934,16418.1
0.065711021,16500.72
0.047405211,16508.34
0.053099505,16517.46
0.040793903,16516.58
0.042363406,16566.2
0.042433016,16617.82
0.038377733,16656.94
0.073322559,16608.06
0.029892494,16684.18
0.069337539,16723.8
0.073532695,16764.92
0.007977964,16790.54
0.016298347,16772.16
0.059868843,16809.28
0.022439455,16826.4
0.009010184,16860.52
0.04433103,16832.64
0.033526994,16949.26
0.003973079,16906.38
0.037044283,16951
0.04236561,16992.62
0.01656206,16968.74
0.035383633,16982.86
0.037330332,17026.48
0.049027156,17066.1
0.076099108,17057.22
0.057796188,17091.84
0.048493398,17195.96
0.059440739,17194.58
0.016388211,17255.7
0.026210817,17251.32
0.006033556,17286.44
0.013606431,17246.56
0.044054443,17275.18
0.053502592,17345.3
0.01195088,17406.42
0.015399308,17406.54
0.021847878,17429.66
0.05454659,17464.28
0.028745446,17427.9
0.061069447,17530.52
0.051018595,17519.64
0.01921789,17506.26
0.043292334,17603.38
0.077866928,17564.5
0.069316674,17594.62
0.010516572,17655.24
0.054466625,17654.86
0.012166832,17688.98
0.027617197,17755.1
0.02056772,17726.72
0.077268402,17727.84
0.012094244,17786.46
0.015170249,17832.08
0.030621418,17882.7
0.017947751,17874.32
0.060024251,17858.94
0.078475918,17875.06
0.058302755,17891.18
0.047129762,17915.8
0.045331941,18014.42
0.010534294,18057.54
0.055986821,18025.66
0.024564525,18063.28
0.073017407,18121.4
0.044970468,18112.02
0.07804871,18086.64
0.062377135,18167.76
0.062455743,18172.88
0.049784536,18254.5
0.027738517,18277.12
0.016942686,18235.74
0.039522045,18297.86
0.026851596,18287.48
0.06368134,18355.1
0.020261279,18312.72
0.013591414,18399.84
0.040671747,18456.46
0.02200228,18467.08
0.056958015,18421.7
0.018413952,18452.32
0.021120094,18560.44
0.041826442,18543.56
0.076032998,18598.18
0.050614764,18611.3
0.058946742,18620.42
0.072528932,18653.04
0.015611337,18636.66
0.035193959,18720.28
0.013901799,18762.4
0.05860986,18738.02
0.057193142,18732.14
0.012276648,18829.76
0.074610379,18775.88
0.033069338,18829.5
0.062778526,18872.12
0.026487945,18931.74
0.027322596,18957.36
0.044657482,18970.98
0.023367605,18948.1
0.074827966,19032.22
0.043038568,19063.84
0.021374412,19017.96
0.0372105,19028.58
0.020046834,19062.2
0.050883416,19082.32
0.075720249,19187.94
0.067557333,19209.56
0.078519671,19195.18
0.015982266,19197.8
0.026945118,19241.92
0.084783231,19262.54
0.025996605,19312.16
0.054960244,19310.78
0.073049149,19339.9
0.031888322,19399.52
0.074352766,19401.14
0.068067482,19378.76
0.031782473,19393.38
0.022122741,19498
0.086713287,19474.62
0.024554115,19491.24
0.027645226,19533.86
0.059611623,19549.98
0.035328307,19633.6
0.086045281,19598.72
0.081637547,19649.84
0.081730108,19669.46
0.045447965,19739.58
0.047791122,19704.7
0.028759579,19766.82
0.04197834,19814.44
0.031197407,19819.56
0.013291782,19776.18
0.086886468,19803.3
0.068606467,19909.42
0.021076781,19853.54
0.074797413,19920.66
0.079018365,19985.28
0.075739639,19998.4
0.087836239,19960.52
0.023058166,20062.64
0.087655423,20033.26
0.087378012,20054.88
0.048850937,20052.5
0.048949199,20096.62
0.0512978,20178.24
0.016521745,20124.86
0.058246034,20154.48
0.089470672,20230.1
0.086945659,20268.22
0.075421,20242.84
0.042146696,20285.96
0.035122751,20285.58
0.034849166,20304.2
0.057825945,20393.82
0.03280309,20434.94
0.022405604,20472.56
0.040883491,20483.18
0.072111751,20522.8
0.015965389,20488.42
0.046444407,20556.04
0.065673807,20545.16
0.018903594,20616.28
0.082758769,20626.4
0.058864335,20616.52
0.076595295,20601.64
0.075576653,20675.26
0.055433411,20737.38
0.037165571,20735.5
0.025648138,20714.12
0.044881113,20796.24
0.060739501,20751.36
0.043598303,20794.48
0.058332523,20867.6
0.054317164,20885.22
0.087427228,20851.84
0.03541272,20902.46
0.052773642,20957.58
0.028509997,21022.7
0.070996789,21018.82
0.04785902,21062.94
0.043846694,21063.56
0.070959813,21063.18
0.037323382,21128.3
0.086562402,21122.92
0.035301879,21103.54
0.039916814,21192.66
0.033657211,21154.78
0.028898073,21261.9
0.039889404,21290.52
0.049756207,21238.14
0.056623486,21340.76
0.069866243,21347.88
0.093984482,21310
0.078353207,21377.12
0.07172242,21420.74
0.051592127,21402.86
0.025087329,21403.48
0.03720803,21460.1
0.038079234,21494.22
0.032950945,21480.34
0.086698166,21517.96
0.060570901,21557.58
0.040069152,21651.7
0.028942925,21591.82
0.032442222,21669.94
0.034442047,21636.56
0.046942404,21653.68
0.023443296,21707.8
0.044194728,21712.42
0.079571703,21739.04
0.021949224,21838.16
0.043077297,21815.78
0.062330923,21888.9
0.052710108,21870.02
0.093339855,21922.14
0.036470168,21884.76
0.095101051,21915.88
0.071982507,21975
0.090489542,21968.12
0.062497158,22028.24
0.07500536,22076.36
0.084139151,22037.48
0.051273537,22065.6
0.09190852,22172.72
0.050419105,22128.84
0.070805296,22183.46
0.051817098,22248.58
0.027579514,22190.2
0.064467548,22253.32
0.039856205,22303.94
0.040745489,22289.56
0.079135405,22296.18
0.080775955,22361.3
0.025792146,22332.42
0.090808981,22365.54
0.077826464,22420.66
0.0569696,22413.78
0.077363394,22515.9
0.089507849,22528.52
0.07240297,22538.14
0.030923761,22550.26
0.064070228,22610.88
0.044717375,22593.5
0.056865205,22660.12
0.044638725,22696.24
0.053412937,22637.86
0.058437848,22739.98
0.077338461,22760.1
0.072614782,22718.72
0.043891814,22768.34
0.031669564,22791.96
0.075698035,22847.08
0.081477232,22811.2
0.05125716,22859.82
0.042037824,22919.44
0.035444228,22943.06
0.099351379,22993.68
0.06838428,22949.3
0.075292936,22986.92
0.050702353,22998.04
0.038862535,23101.66
0.080648488,23115.78
0.035810216,23079.4
0.094847725,23154.02
0.08563602,23172.14
0.071550106,23198.26
0.049214987,23250.38
0.08125567,23231
0.089672159,23228.62
0.06021446,23258.24
0.090382578,23337.86
0.067301518,23308.48
0.101971285,23374.1
0.053016886,23371.22
0.103438324,23392.34
0.087860607,23442.46
0.093283739,23494.58
0.069082725,23469.2
0.084257571,23479.32
0.099808284,23498.44
0.093984867,23594.56
0.095662327,23549.68
0.06809067,23585.3
0.105769901,23597.42
0.072575025,23671.54
0.04350605,23697.66
0.062812979,23729.78
0.05999582,23749.9
0.046679577,23763.02
0.050239257,23784.64
0.108924865,23862.76
0.083986408,23791.88
0.044798892,23895.5
0.096737322,23860.12
0.070676704,23888.24
0.056992044,23936.36
0.057933349,23995.48
0.094500624,23991.6
0.102943876,23969.22
0.043513111,24023.84
0.056083335,24065.96
0.054404554,24092.08
0.038851774,24134.2
0.086300002,24125.32
0.051624244,24149.94
0.048824506,24184.06
0.103775796,24237.18
0.096478118,24215.8
0.07980648,24307.92
0.067260888,24326.54
0.046466349,24336.16
0.113047868,24383.78
0.088505454,24374.4
0.073714112,24379.02
0.106923849,24378.14
0.112009671,24457.76
0.084096586,24515.38
0.0636846,24532.5
0.07552372,24476.62
0.083238953,24561.74
0.077455306,24615.36
0.115172784,24634.48
0.095141397,24583.6
0.09161115,24633.72
0.11133205,24676.84
0.099554105,24730.96
0.043152321,24710.58
0.100751706,24695.7
0.051852266,24798.32
0.04607901,24761.94
0.095431944,24833.56
0.088911075,24803.68
0.083516411,24897.3
0.076997959,24882.92
0.061480726,24955.04
0.09658972,24975.66
0.075824949,24927.78
0.066686419,25010.4
0.109299138,25002.52
0.073913114,25084.64
0.116528355,25041.26
0.097269867,25092.38
0.08551266,25149.5
0.104131739,25096.12
0.102502114,25180.74
0.107998792,25177.86
0.05087178,25202.98
0.100621087,25269.1
0.04649672,25310.22
0.101873688,25308.34
0.049251998,25300.46
0.078381659,25301.58
0.109762678,25345.2
0.067645064,25359.82
0.069028824,25453.94
0.080538968,25487.56
0.123550502,25517.18
0.069063436,25521.8
0.091452777,25483.92
0.056843535,25582.04
0.118235717,25543.66
0.062254332,25589.78
0.103399388,25581.9
0.110795893,25642.52
0.075818858,25695.64
0.083218289,25677.26
0.062494195,25729.38
0.078521586,25789.5
0.06905047,25750.62
0.101955856,25801.74
0.060987752,25858.86
0.089021168,25825.48
0.065681111,25885.1
0.101217592,25947.22
0.102255619,25926.84
0.071420202,25979.46
0.125336348,26000.58
0.115879068,25970.2
0.085423371,26007.82
0.129594265,26051.94
0.11414176,26091.56
0.097190866,26076.68
0.109866591,26075.8
0.124418945,26175.92
0.124347937,26183.54
0.070653577,26237.66
0.128335874,26182.78
0.058144839,26271.4
0.06933048,26235.52
0.107142807,26307.64
0.120206829,26295.76
0.074022558,26347.88
0.121965002,26416
0.117034171,26417.12
0.093355075,26462.24
0.113177724,26482.86
0.090252128,26493.48
0.077828297,26536.6
0.095781242,26549.72
0.124235971,26573.84
0.086692496,26583.96
0.079525826,26626.58
0.084735973,26594.7
0.113572945,26602.32
0.131161754,26700.44
0.06737741,26662.56
0.117969923,26722.18
0.119064305,26801.3
0.087160564,26731.42
0.104758713,26774.54
0.084108762,26877.66
0.128710721,26810.78
0.135064601,26923.9
0.071295413,26914.02
0.139153168,26910.64
0.090387877,26982.76
0.10612455,27004.38
0.1229882,27021
0.085478836,26979.12
0.09184647,27012.24
0.131966113,27071.86
0.102337776,27139.48
0.082461471,27089.6
0.076837209,27139.72
0.097840002,27191.34
0.09521986,27248.96
0.079851795,27254.58
0.123360819,27254.7
0.091496943,27279.82
0.117010179,27354.44
0.121525539,27357.06
0.135793034,27348.18
0.091937676,27375.8
0.091584478,27379.42
0.10660845,27417.04
0.118259606,27438.66
0.134037956,27485.28
0.109318513,27472.4
0.08835129,27537.02
0.108261298,27553.14
0.103798549,27545.76
0.134588057,27652.88
0.110629832,27582
0.108423889,27647.12
0.099470238,27691.24
0.083393893,27740.36
0.123194867,27714.98
0.110873171,27711.1
0.093678819,27766.22
0.132736823,27788.34
0.112922196,27809.96
0.156109952,27843.08
0.096925102,27884.2
0.09136766,27908.82
0.102312639,27920.94
0.113260053,27991.56
0.117084913,28002.18
0.122787234,28054.3
0.098117029,27989.42
0.085824311,28063.54
0.085159093,28078.66
0.095371389,28112.78
0.093586213,28116.4
0.119553578,28143.02
0.099023497,28230.64
0.135870985,28217.26
0.143471055,28190.38
0.142073721,28269.5
0.123428997,28272.12
0.141161897,28331.24
0.139397435,28382.36
0.141010624,28326.48
0.13400148,28396.6
0.098120016,28439.22
0.132741246,28437.34
0.155740185,28496.96
0.146866848,28525.58
0.118871248,28535.7
0.0998784,28558.32
0.098888319,28546.44
0.11927602,28602.06
0.127291517,28636.68
0.169809824,28657.8
0.109580958,28635.92
0.158854932,28692.04
0.119631762,28730.16
0.144911462,28775.78
0.146944048,28736.4
0.160979535,28749.02
0.129267939,28823.14
0.154934273,28823.76
0.113478555,28859.38
0.111775799,28903
0.103701021,28910.62
0.102379236,28888.24
0.17118546,28952.86
0.137619708,28963.48
0.158806998,29019.6
0.137622343,29023.72
0.148315761,29102.84
0.127512267,29084.96
0.107836877,29090.08
0.139539608,29137.2
0.133745475,29168.82
0.124579495,29215.44
0.182541684,29263.56
0.172257058,29279.18
0.113225635,29236.3
0.16144743,29246.92
0.142547461,29350.54
0.122150743,29387.66
0.160632294,29381.78
0.17586713,29370.4
0.155480269,29401.02
0.136221727,29413.64
0.119216521,29503.76
0.185089669,29505.88
0.190216187,29541.5
0.140971094,29501.62
0.150604405,29524.74
0.136991139,29637.86
0.138006314,29630.98
0.154774946,29621.1
0.180922053,29649.72
0.177822654,29725.34
0.190851765,29675.96
0.164884405,29769.58
0.174545592,29777.2
0.134710343,29810.32
0.132378678,29802.94
0.176550613,29882.06
0.158851167,29901.18
0.153155358,29843.8
0.134713206,29918.92
0.156774727,29922.54
0.134589942,29927.16
0.181408868,29970.78
0.174231524,30067.4
0.16218293,30052.02
0.173388103,30091.64
0.160597063,30097.26
0.207059828,30119.38
0.175526419,30136.5
0.160871854,30203.62
0.170596152,30210.24
0.170949332,30206.86
0.162306415,30255.48
0.15291742,30220.6
0.142407365,30283.22
0.172776272,30284.34
0.142399159,30363.46
0.144276047,30418.08
0.188906955,30388.7
0.155916903,30438.82
0.142055912,30423.44
0.158199001,30447.56
0.164971191,30482.18
0.181122502,30522.3
0.153777955,30500.42
0.21493757,30527.04
0.178976367,30572.16
0.172269368,30629.28
0.199316593,30662.9
0.171243063,30650.52
0.171298798,30736.64
0.18523382,30695.76
0.214923151,30719.88
0.18574181,30821
0.15843982,30802.62
0.224517201,30838.74
0.172848975,30815.36
0.222060164,30881.98
0.21277579,30900.1
0.162620873,30924.22
0.230220436,30962.84
0.1849495,31010.46
0.177558089,31034.08
0.224171223,30976.2
0.166913924,31011.82
0.168911216,31043.94
0.22228812,31089.06
0.173294659,31126.18
0.210930855,31125.3
0.181821732,31201.42
0.18759231,31154.04
0.174992614,31272.16
0.214897667,31214.78
0.20568249,31288.4
0.199472108,31344.02
0.224016543,31291.14
0.221190819,31346.26
0.187619959,31419.88
0.190428986,31427
0.241617924,31437.62
0.246686797,31485.74
0.228135628,31467.36
0.241839442,31506.98
0.224423261,31535.6
0.24863711,31520.22
0.214356013,31581.34
0.256204995,31630.46
0.198684079,31654.58
0.25591829,31684.2
0.248657653,31643.82
0.211027192,31687.94
0.206776931,31756.06
0.222781896,31731.68
0.249292111,31770.3
0.227432601,31819.42
0.207828392,31826.54
0.201354509,31853.16
0.256385976,31882.28
0.24579782,31907.9
0.257340065,31910.02
0.247887737,31950.14
0.236190862,31992.76
0.243249466,32010.38
0.266063575,32015
0.225133214,32062.62
0.21233341,32120.74
0.258414188,32110.36
0.206625576,32132.48
0.227217599,32181.1
0.271440284,32188.72
0.267668657,32182.34
0.233527746,32247.96
0.271017577,32234.58
0.223388177,32327.2
0.255264572,32292.32
0.244396791,32376.94
0.25153486,32312.56
0.247428807,32380.68
0.262453658,32382.8
0.277859443,32474.42
0.269646187,32487.54
0.26668892,32466.16
0.287362668,32517.78
0.24954246,32484.9
0.288228324,32564.52
0.246670288,32580.14
0.268118381,32593.76
0.27532263,32594.38
0.300158065,32639
0.237624714,32694.62
0.279722605,32707.24
0.282451767,32725.86
0.298687231,32797.98
0.302179023,32737.6
0.292927175,32770.72
0.275806714,32847.34
0.301817671,32906.46
0.268210075,32927.08
0.301358955,32877.7
0.304139342,32981.32
0.269426264,32970.44
0.256094753,32938.56
0.286269838,33018.18
0.26582655,33042.8
0.262639918,33061.42
0.273334973,33040.04
0.315911746,33136.16
0.288370268,33137.28
0.298335568,33194.9
0.290682679,33136.02
0.325036631,33175.14
0.259647454,33238.76
0.264015182,33294.88
0.324264844,33281
0.282896472,33279.12
0.325535098,33329.24
0.307805754,33381.86
0.302083471,33356.48
0.300118282,33427.1
0.316160218,33468.72
0.334834312,33443.34
0.283015596,33452.46
0.289704103,33528.08
0.282524864,33495.7
0.317352914,33597.82
0.348438283,33592.94
0.302281007,33619.06
0.316506117,33637.18
0.328113646,33692.3
0.292853629,33651.42
0.348351098,33744.04
0.339731087,33780.66
0.31574363,33797.28
0.298138761,33802.9
0.304916513,33822.02
0.346201921,33881.14
0.344745018,33816.76
0.306170839,33933.88
0.338479419,33864.5
0.337420792,33963.12
0.352494993,34006.24
0.307202056,33943.36
0.353792017,34052.48
0.348264911,34007.1
0.325120772,34063.22
0.359359636,34068.34
0.31335654,34100.46
0.353986517,34166.08
0.368374605,34127.7
0.330270838,34182.82
0.328175254,34217.44
0.341462887,34228.56
0.366383775,34217.18
0.330937953,34277.8
0.366375459,34266.42
0.354946329,34384.04
0.362275599,34361.16
0.378613307,34409.28
0.35183449,34428.9
0.346439185,34475.02
0.402927429,34468.14
0.338299259,34500.76
0.356179715,34531.38
0.344068832,34564.5
0.395716649,34590.62
0.347623205,34636.74
0.346788537,34567.86
0.359837683,34662.48
0.362395683,34662.1
0.418587574,34729.22
0.420038395,34711.84
0.387373185,34788.46
0.368966984,34756.58
0.40981983,34829.7
0.368931763,34793.32
0.417302822,34825.44
0.406433047,34887.56
0.416197476,34850.18
0.425596152,34870.3
0.392629112,34956.92
0.417421398,35016.04
0.41409805,34943.16
0.434034108,35034.78
0.387979612,35001.9
0.418059604,35018.52
0.414024125,35064.14
0.399498214,35133.76
0.439731915,35166.38
0.390350267,35159.5
0.458728313,35166.12
0.425866093,35257.74
0.465013651,35266.36
0.459546026,35270.48
0.437213263,35267.1
0.449015403,35367.72
0.461952488,35329.84
0.44414956,35395.46
0.409106664,35434.58
0.46857384,35425.2
0.476676133,35433.82
0.450663585,35489.94
0.41303624,35530.06
0.435044141,35512.18
0.456312331,35553.8
0.473090856,35535.42
0.475254757,35608.54
0.43542908,35631.66
0.434238868,35617.78
0.431559166,35682.4
0.453265019,35711.02
0.453606471,35757.64
0.476083567,35763.26
0.482071351,35801.38
0.46931987,35770.5
0.502704169,35826.12
0.461099292,35862.74
0.513630286,35838.36
0.472422195,35899.98
0.492725068,35970.1
0.480413948,35931.72
0.490238883,35933.84
0.49707492,35951.46
0.524922103,35979.58
0.523905482,36007.2
0.506400101,36033.82
0.536906009,36110.94
0.511173253,36152.06
0.50645188,36151.68
0.506616937,36207.3
0.536418473,36221.42
0.551606535,36206.04
0.517681171,36290.66
0.50176743,36281.28
0.48886536,36305.9
0.504475009,36333.52
0.543721427,36395.64
0.526354663,36343.26
0.565624764,36364.88
0.511156781,36447
0.506200764,36493.12
0.52863176,36473.24
0.513199822,36521.36
0.525154997,36498.98
0.531122337,36537.6
0.528101892,36525.22
0.571218712,36600.84
0.582097848,36613.46
0.59298935,36641.58
0.58739327,36698.7
0.562309659,36681.32
0.534613567,36737.94
0.573305048,36800.06
0.546009151,36737.68
0.60797593,36805.3
0.540955436,36792.42
0.570322721,36879.54
0.595952838,36875.66
0.55034584,36859.78
0.579001778,36894.9
0.594170707,37000.02
0.558727678,37002.14
0.601297746,37024.76
0.571130964,37003.38
0.617852386,37088.5
0.635712065,37110.12
0.611210055,37119.24
0.596096411,37153.86
0.621496187,37117.98
0.584284437,37200.6
0.584961217,37205.72
0.602526581,37191.84
0.622355584,37235.46
0.596448282,37313.58
0.642554731,37269.2
0.650424985,37345.32
0.649684101,37334.44
0.663957135,37338.56
0.662494143,37402.68
0.654670181,37407.3
0.668235307,37462.92
0.647689576,37515.04
0.689033047,37530.66
0.677515776,37482.28
0.66488782,37553.4
0.629024237,37616.02
0.663300086,37628.64
0.709215423,37612.26
0.677895308,37703.88
0.697964798,37714.5
0.680548952,37751.12
0.671022829,37682.24
0.701636487,37735.36
0.700014987,37791.48
0.722408387,37795.1
0.713691746,37831.72
0.683990125,37880.84
0.733803583,37887.46
0.695882181,37942.58
0.735225979,37913.2
0.738585037,38000.82
0.722459417,37990.94
0.711599179,38034.06
0.691379383,38016.18
0.763050093,38010.3
0.725611369,38087.92
0.728688272,38079.54
0.745655866,38094.66
0.718014211,38113.28
0.759013371,38229.9
0.724278408,38227.52
0.782184385,38231.14
0.729856364,38242.76
0.761919409,38255.38
0.751998584,38333.5
0.734218951,38358.12
0.739705575,38334.74
0.80633352,38357.36
0.75335285,38360.98
0.815888629,38411.1
0.797440922,38507.72
0.815384795,38474.34
0.769595311,38496.96
0.759447537,38563.58
0.834816537,38568.7
0.828452378,38537.82
0.795855126,38607.94
0.792524846,38620.06
0.803836605,38635.68
0.805040469,38700.3
0.831386506,38748.92
0.807499783,38688.54
0.866130366,38731.66
0.820528323,38815.78
0.846568722,38844.9
0.85387663,38843.52
0.817327116,38820.64
0.861420248,38914.26
0.856781095,38921.38
0.893784725,38970.5
0.897431208,38945.12
0.834345612,38958.74
0.869528007,38991.36
0.846603463,39067.98
0.879572049,39079.1
0.912933836,39061.72
0.910313894,39131.84
0.867962294,39146.96
0.900254106,39190.58
0.871439402,39152.7
0.902268252,39244.32
0.874240729,39274.94
0.920106903,39268.56
0.902616847,39239.18
0.912520633,39333.8
0.888318333,39379.42
0.898260021,39350.04
0.932595768,39368.16
0.955700648,39393.78
0.937574735,39442.4
0.951718101,39469.52
0.926505821,39486.14
0.977437969,39533.26
0.938389618,39580.88
0.942110845,39515
0.935351722,39605.12
0.943987325,39663.74
0.96501773,39594.36
0.948568012,39699.98
0.965888246,39714.1
0.959978509,39679.22
1.000963876,39781.34
0.986469425,39793.96
1.020370231,39793.08
0.974041372,39827.7
0.992607925,39883.32
1.025069967,39857.44
0.993052576,39878.56
1.019555829,39941.68
1.049079805,39906.3
1.074124583,39990.42
1.07744024,39946.04
1.084151856,40027.16
1.06875951,40017.78
1.074763281,40049.4
1.049288249,40066.52
1.101834493,40117.14
1.040402094,40137.26
1.080616132,40194.88
1.118976688,40174
1.068858843,40190.12
1.091137677,40207.24
1.076688272,40265.86
1.133885711,40244.48
1.101480073,40334.1
1.102096443,40334.22
1.106109901,40335.84
1.118020532,40380.46
1.162953417,40375.08
1.14828364,40488.7
1.164386284,40469.32
1.123886434,40454.94
1.177159172,40523.56
1.172329583,40519.18
1.146897752,40525.8
1.154863764,40639.42
1.189102702,40633.04
1.171989654,40673.16
1.198774703,40679.78
1.166332937,40696.4
1.20928944,40748.52
1.1802693,40723.14
1.210522602,40740.76
1.186799434,40767.88
1.215224884,40839
1.243299037,40831.12
1.208771982,40861.24
1.223393807,40944.36
1.2361646,40954.48
1.22158445,40924.6
1.222778444,41016.72
1.282121673,40946.34
1.227489226,41049.96
1.247506191,41009.08
1.30879766,41096.7
1.252738722,41123.32
1.285954467,41125.44
1.254319986,41184.56
1.31646037,41214.18
1.26762571,41228.3
1.342191098,41254.42
1.306156626,41280.54
1.321147385,41246.66
1.340663468,41343.28
1.309204968,41344.9
1.316021977,41299.02
1.373864589,41370.64
1.317732897,41406.76
1.336626995,41405.38
1.361171977,41444
1.348992936,41521.12
1.394589969,41473.24
1.36146317,41493.86
1.389862633,41522.48
1.359413455,41531.6
1.370240731,41575.22
1.375094557,41616.34
1.439975029,41663.46
1.434007245,41706.08
1.451316301,41694.2
1.457402294,41714.32
1.417390322,41762.44
1.480155483,41729.06
1.437572874,41790.18
1.472642594,41848.3
1.466114743,41834.92
1.459614418,41906.04
1.473391719,41880.16
1.498821746,41879.78
1.484154598,41981.9
1.527265376,41936.02
1.49427918,41990.14
1.479321111,42070.76
1.543141271,42083.38
1.51361476,42100
1.53286668,42141.62
1.534147133,42084.74
1.540331221,42125.36
1.528169048,42191.48
1.571910715,42223.6
1.590931327,42197.72
1.551855987,42298.34
1.611059798,42233.96
1.578417864,42261.58
1.557805291,42301.7
1.598722183,42345.32
1.625793645,42425.44
1.631894782,42419.06
1.6455257,42457.18
1.665936506,42434.8
1.654502304,42448.42
1.653973203,42535.04
1.665474309,42565.16
1.654880729,42537.78
1.654817571,42558.4
1.678034942,42622.02
1.677282952,42588.64
1.677686709,42690.26
1.67887132,42688.38
1.691336897,42745.5
1.691833547,42735.12
1.693861382,42722.74
1.694795511,42729.86
1.726511044,42847.48
1.738383093,42815.6
1.769036768,42836.22
1.761097181,42850.84
1.731439444,42885.46
1.784688669,42967.08
1.773094969,42915.2
1.784408455,42962.82
1.819754242,42986.44
1.841257442,43015.06
1.81329317,43048.68
1.80448654,43047.8
1.839212665,43085.42
1.873971661,43086.04
1.825513643,43113.66
1.880213726,43171.78
1.865197026,43190.9
1.87758866,43184.02
1.869763743,43292.64
1.905097392,43243.26
1.889089725,43310.88
1.890365859,43380
1.933300911,43307.62
1.899395001,43397.74
1.898523246,43442.86
1.952435765,43469.48
1.975257678,43444.1
1.955364103,43484.72
1.981255162,43505.34
1.973805973,43509.46
1.957766658,43553.58
1.997637338,43631.2
1.994043133,43645.82
1.971359166,43606.44
2.016585558,43689.06
2.059972432,43688.68
1.999519911,43702.8
2.034353116,43773.42
2.083847173,43792.54
2.035502204,43745.66
2.104568333,43803.78
2.063795685,43798.4
2.083059386,43811.52
2.128234559,43874.64
2.110821331,43861.76
2.117819827,43960.38
2.107230173,43919
2.158177497,43938.62
2.113911925,43977.74
2.187058585,44011.86
2.158242603,44089.98
2.186089109,44046.1
2.203473231,44148.72
2.165020097,44090.34
2.225979836,44155.46
2.180852579,44198.58
2.202138454,44224.2
2.221212593,44252.32
2.225700125,44277.44
2.236226183,44241.56
2.294415897,44358.68
2.244644398,44311.3
2.29653682,44334.92
2.270468294,44434.54
2.297313954,44381.16
2.297573933,44470.78
2.310248364,44420.9
2.314712381,44520.02
2.348841119,44478.64
2.313634712,44554.76
2.366593296,44595.38
2.387342006,44635.5
2.412255978,44596.62
2.365585349,44642.74
2.431830254,44664.36
2.422740832,44685.98
2.437317219,44739.1
2.428309553,44713.72
2.433592973,44717.34
2.438917617,44772.96
2.490033624,44844.08
2.445566134,44868.7
2.503140286,44885.82
2.485381221,44917.44
2.472164078,44883.56
2.516739,44916.18
2.501731127,44991.3
2.553515601,44971.42
2.560717565,45039.54
2.55183716,45051.16
2.55237453,45033.78
2.581454818,45086.4
2.613953167,45069.52
2.627369723,45112.14
2.650954629,45140.26
2.609333031,45193.38
2.661880074,45185.5
2.683720903,45226.62
2.641480664,45225.74
2.643534505,45251.36
2.709382573,45326.48
2.670275014,45356.1
2.739961976,45359.72
2.723068608,45372.84
2.741095058,45457.96
2.729166475,45440.08
2.790408009,45435.2
2.791319809,45528.82
2.801277027,45530.44
2.800779811,45540.56
2.776328315,45583.68
2.789797688,45587.3
2.799188083,45655.92
2.863749653,45596.54
2.85260755,45692.16
2.864011927,45684.78
2.848462938,45718.9
2.898210737,45763.02
2.870380478,45735.14
2.935597316,45825.26
2.914986408,45802.38
2.924797907,45798.5
2.978906971,45891.12
2.976813756,45849.74
2.965393419,45950.86
3.002021118,45978.48
2.99332201,45963.6
3.040921254,46037.22
3.052944008,45991.34
3.030140432,46005.96
3.017885686,46058.08
3.058179928,46120.7
3.100398321,46142.82
3.098041024,46160.44
3.099108199,46156.06
3.151225009,46153.68
3.154641614,46259.3
3.137483178,46207.92
3.136874865,46234.54
3.180941837,46316.66
3.210434258,46355.28
3.164602294,46390.9
3.202446108,46349.02
3.231340867,46369.64
3.230286736,46433.26
3.277283881,46419.88
3.24445747,46422.5
3.256682668,46543.12
3.301584645,46526.74
3.281663567,46534.86
3.329669604,46551.48
3.317727924,46558.1
3.345213698,46668.72
3.349877093,46645.84
3.399593282,46697.46
3.353737435,46742.58
3.383309723,46694.7
3.413685318,46730.32
3.401364392,46820.94
3.437097118,46756.56
3.426383668,46811.68
3.467474217,46842.8
3.460243939,46869.92
3.531443007,46930.04
3.519071597,46961.16
3.533004885,46988.28
3.530118046,46999.9
3.537036257,46983.02
3.572134694,47070.14
3.609913536,47001.76
3.634247959,47054.88
3.606513142,47146
3.601334264,47120.12
3.637461504,47114.74
3.642520042,47125.86
3.678010058,47218.98
3.733431732,47201.6
3.749160246,47231.22
3.731195782,47311.84
3.733538521,47269.96
3.766688647,47369.58
3.785271342,47386.2
3.767161789,47361.32
3.785860174,47387.44
3.85111668,47421.06
3.867681493,47492.68
3.864429798,47441.8
3.863861781,47486.92
3.890352629,47541.54
3.932277528,47526.16
3.888386667,47589.28
3.968680232,47612.4
3.956783414,47671.52
3.9475714,47690.64
3.993169381,47682.76
4.035827546,47654.38
3.984046085,47749
4.03770019,47751.12
4.055790053,47828.24
4.072065865,47767.86
4.120652818,47832.48
4.101801107,47873.1
4.080010924,47923.72
4.152407463,47869.84
4.158115919,47951.46
4.190886488,47929.08
4.201594364,47941.7
4.225489743,48018.82
4.222072823,48022.94
4.270093801,48064.06
4.239052873,48094.68
4.263575239,48145.8
4.289286096,48155.92
4.313185645,48110.04
4.301524084,48201.16
4.324801615,48181.78
4.372518437,48185.9
4.391049752,48274.52
4.380020762,48301.14
4.42755667,48351.76
4.453782677,48360.38
4.479323988,48369
4.435555806,48411.12
4.508478336,48442.24
4.498966783,48443.86
4.511646352,48493.98
4.527767249,48458.6
4.593079681,48550.72
4.592083855,48553.84
4.632029979,48541.46
4.613918261,48585.58
4.609748909,48643.2
4.665272133,48641.32
4.704363142,48663.94
4.705647148,48697.06
4.733624361,48742.18
4.753794991,48695.3
4.772159253,48730.92
4.758342356,48829.54
4.810219516,48826.66
4.814915946,48813.28
4.842181859,48836.4
4.872892471,48877.02
4.842172996,48893.64
4.882398651,48904.26
4.881444652,48949.88
4.925936216,48967.5
4.92624856,49017.12
4.926631903,48998.24
4.945086463,49031.86
4.968112459,49073.98
5.022710112,49106.6
5.07962964,49124.22
5.056371266,49194.84
5.099185211,49217.46
5.091821696,49236.58
5.159530945,49200.7
5.17631318,49231.32
5.186043625,49277.44
5.170722504,49270.06
5.207600043,49300.18
5.192801467,49327.8
5.212202001,49343.42
5.265051872,49396.04
5.275601308,49481.66
5.309100536,49413.28
